<?xml version="1.0" encoding="UTF-8"?>
<project-private xmlns="http://www.netbeans.org/ns/project-private/1">
    <editor-bookmarks xmlns="http://www.netbeans.org/ns/editor-bookmarks/2" lastBookmarkId="0"/>
    <open-files xmlns="http://www.netbeans.org/ns/projectui-open-files/2">
        <group>
            <file>file:/D:/80603505/Projeto%20Batimento%20de%20Ambientes/Batimento/src/BatimentoModule/BatimentoThread.java</file>
            <file>file:/D:/80603505/Projeto%20Batimento%20de%20Ambientes/Batimento/src/BatimentoModule/BatimentoScreen.java</file>
            <file>file:/D:/80603505/Projeto%20Batimento%20de%20Ambientes/Batimento/src/databaseModule/DataController.java</file>
            <file>file:/D:/80603505/Projeto%20Batimento%20de%20Ambientes/Batimento/src/databaseModule/Controller.java</file>
            <file>file:/D:/80603505/Projeto%20Batimento%20de%20Ambientes/Batimento/src/BatimentoModule/BatimentoController.java</file>
            <file>file:/D:/80603505/Projeto%20Batimento%20de%20Ambientes/Batimento/src/databaseModule/SqlInstructions.java</file>
        </group>
    </open-files>
</project-private>
